1,bus
4,bus
5,bus
6,bus
7,bus
8,bus
9,bus
10,bus
11,bus
12,bus
13,bus
15,bus
16,bus
17,bus
18,bus
21,bus
23,bus
25,bus
28,bus
29,bus
30,bus
32,bus
34,bus
35,bus
36,bus
38,bus
40,bus
41,bus
42,bus
45,bus
48,bus
49,bus
50,bus
51,bus
52,bus
55,bus
56,bus
58,bus
61,bus
64,bus
71,bus
72,bus
77,bus
80,bus
100,bus
101,bus
102,bus
103,bus
104,bus
105,bus
107,bus
118,bus
129,bus
135,bus
145,bus
146,bus
152,bus
153,bus
162,bus
166,bus
169,bus
175,bus
195,bus
203,bus
212,bus
215,bus
216,bus
222,bus
226,bus
227,bus
243,bus
254,bus
7T,bus
8T,bus
10T,bus
14T,bus
106,micro_bus
117,micro_bus
120,micro_bus
123,micro_bus
128,micro_bus
130,micro_bus
131,micro_bus
132,micro_bus
133,micro_bus
134,micro_bus
137,micro_bus
143,micro_bus
161,micro_bus
173,micro_bus
176,micro_bus
185,micro_bus
193,micro_bus
200,micro_bus
204,micro_bus
218,micro_bus
229,micro_bus
230,micro_bus
234,micro_bus
244,micro_bus
251,micro_bus
257,micro_bus
260,micro_bus
265,micro_bus
266,micro_bus
285,micro_bus
288,micro_bus
290,micro_bus
295,micro_bus